{
  "main": {
    "id": "b2434336d53fcfca",
    "type": "split",
    "children": [
      {
        "id": "6df4f8e710704e02",
        "type": "tabs",
        "children": [
          {
            "id": "9ffbd56822e2a2a4",
            "type": "leaf",
            "state": {
              "type": "markdown",
              "state": {
                "file": "Governance & Regulation/Why is it important?.md",
                "mode": "source",
                "source": false
              },
              "icon": "lucide-file",
              "title": "Why is it important?"
            }
          },
          {
            "id": "80b422cf8e23d39e",
            "type": "leaf",
            "state": {
              "type": "markdown",
              "state": {
                "file": "Governance & Regulation/Privacy and Data Protection/Payment Card Industry Data Security Standard (PCI DSS).md",
                "mode": "source",
                "source": false
              },
              "icon": "lucide-file",
              "title": "Payment Card Industry Data Security Standard (PCI DSS)"
            }
          }
        ],
        "currentTab": 1
      }
    ],
    "direction": "vertical"
  },
  "left": {
    "id": "6826a054f18341b6",
    "type": "split",
    "children": [
      {
        "id": "82fb736ba8e4b591",
        "type": "tabs",
        "children": [
          {
            "id": "4eb33c1cdcfca64f",
            "type": "leaf",
            "state": {
              "type": "file-explorer",
              "state": {
                "sortOrder": "alphabetical",
                "autoReveal": false
              },
              "icon": "lucide-folder-closed",
              "title": "Files"
            }
          },
          {
            "id": "7cef2e8100579b23",
            "type": "leaf",
            "state": {
              "type": "search",
              "state": {
                "query": "",
                "matchingCase": false,
                "explainSearch": false,
                "collapseAll": false,
                "extraContext": false,
                "sortOrder": "alphabetical"
              },
              "icon": "lucide-search",
              "title": "Search"
            }
          },
          {
            "id": "280ca3fdbcea7e77",
            "type": "leaf",
            "state": {
              "type": "bookmarks",
              "state": {},
              "icon": "lucide-bookmark",
              "title": "Bookmarks"
            }
          }
        ]
      }
    ],
    "direction": "horizontal",
    "width": 200
  },
  "right": {
    "id": "93e16bc96acb4780",
    "type": "split",
    "children": [
      {
        "id": "4cb357147266d73d",
        "type": "tabs",
        "children": [
          {
            "id": "f378e9f345e6b684",
            "type": "leaf",
            "state": {
              "type": "backlink",
              "state": {
                "file": "Welcome.md",
                "collapseAll": false,
                "extraContext": false,
                "sortOrder": "alphabetical",
                "showSearch": false,
                "searchQuery": "",
                "backlinkCollapsed": false,
                "unlinkedCollapsed": true
              },
              "icon": "links-coming-in",
              "title": "Backlinks for Welcome"
            }
          },
          {
            "id": "80ac1e6fb83cbe79",
            "type": "leaf",
            "state": {
              "type": "outgoing-link",
              "state": {
                "file": "Welcome.md",
                "linksCollapsed": false,
                "unlinkedCollapsed": true
              },
              "icon": "links-going-out",
              "title": "Outgoing links from Welcome"
            }
          },
          {
            "id": "be1cd9fbb8373061",
            "type": "leaf",
            "state": {
              "type": "tag",
              "state": {
                "sortOrder": "frequency",
                "useHierarchy": true,
                "showSearch": false,
                "searchQuery": ""
              },
              "icon": "lucide-tags",
              "title": "Tags"
            }
          },
          {
            "id": "7088a3ef8a43d5f2",
            "type": "leaf",
            "state": {
              "type": "outline",
              "state": {
                "file": "Welcome.md",
                "followCursor": false,
                "showSearch": false,
                "searchQuery": ""
              },
              "icon": "lucide-list",
              "title": "Outline of Welcome"
            }
          }
        ]
      }
    ],
    "direction": "horizontal",
    "width": 300,
    "collapsed": true
  },
  "left-ribbon": {
    "hiddenItems": {
      "switcher:Open quick switcher": false,
      "graph:Open graph view": false,
      "canvas:Create new canvas": false,
      "daily-notes:Open today's daily note": false,
      "templates:Insert template": false,
      "command-palette:Open command palette": false
    }
  },
  "active": "80b422cf8e23d39e",
  "lastOpenFiles": [
    "Governance & Regulation/Privacy and Data Protection.md",
    "Governance & Regulation.md",
    "Security Principles.md",
    "Governance & Regulation/Privacy and Data Protection/Payment Card Industry Data Security Standard (PCI DSS).md",
    "Governance & Regulation/Governance Risk and Compliance (GRC)/How to Develop GRC Program - Generic Guidelines.md",
    "Governance & Regulation/Governance Risk and Compliance (GRC).md",
    "Security Principles/ISO IEC 19249.md",
    "Security Principles/Threat versus Risk.md",
    "Governance & Regulation/Introduction.md",
    "Governance & Regulation/Information Security Management and Compliance/ISO IEC 27001.md",
    "Governance & Regulation/Information Security Management and Compliance/Service Organisation Control 2 (SOC 2).md",
    "Governance & Regulation/Information Security Management and Compliance/What Information Security Protection SOC 2 provides?.md",
    "Governance & Regulation/Information Security Management and Compliance.md",
    "Governance & Regulation/NIST Special Publications.md",
    "Governance & Regulation/Why is it important?.md",
    "Governance & Regulation/Information Security Management and Compliance",
    "Governance & Regulation/Information Security Frameworks.md",
    "Governance & Regulation/Privacy and Data Protection/General Data Protection Regulation (GDPR).md",
    "Governance & Regulation/Privacy and Data Protection",
    "Governance & Regulation/NIST Special Publications/NIST 800-63B.md",
    "Governance & Regulation/NIST Special Publications/NIST 800-53.md",
    "Governance & Regulation/NIST Special Publications/Key Points.md",
    "Governance & Regulation/NIST Special Publications/Developing and Implementing NIST 800-53 based Information Security Program.md",
    "Governance & Regulation/NIST Special Publications/Compliance Best Practices.md",
    "Governance & Regulation/NIST Special Publications",
    "Governance & Regulation/Why is it important?/Information Security Governance.md",
    "Governance & Regulation/Why is it important?/Important Terminologies.md",
    "Governance & Regulation/Information Security Management and Compliance/Payment Card Industry Data Security Standard (PCI DSS).md",
    "Governance & Regulation/Information Security Management and Compliance/General Data Protection Regulation (GDPR).md",
    "Governance & Regulation/Governance Risk and Compliance (GRC)",
    "Governance & Regulation/Information Security Frameworks",
    "Governance & Regulation/Why is it important?",
    "Governance & Regulation",
    "Security Principles/Zero Trust versus Trust but Verify",
    "Security Principles/ISO  IEC 19249",
    "ISO ",
    "Untitled.canvas"
  ]
}